1 cm,2.5 cm
39.92733286,59.51073097
17.94721547,16.23164776
41.35876294,63.09425944
23.56663766,17.01712433
63.48613875,77.8672779
